{
  "loss": [
    0.6959837079048157,
    0.6645522117614746,
    0.6364166140556335,
    0.6313751339912415,
    0.6019698977470398,
    0.5889767408370972,
    0.5759846568107605,
    0.5627914667129517,
    0.5519096851348877,
    0.5623989701271057
  ],
  "accuracy": [
    0.5371642708778381,
    0.5921299457550049,
    0.6389756202697754,
    0.6467832326889038,
    0.6720799207687378,
    0.6861336827278137,
    0.6962835788726807,
    0.7129918932914734,
    0.7204871773719788,
    0.7118988037109375
  ],
  "val_loss": [
    0.6688571572303772,
    0.6546511054039001,
    0.6774773597717285,
    0.6076003909111023,
    0.5912494659423828,
    0.5770833492279053,
    0.5571344494819641,
    0.5347774624824524,
    0.5612816214561462,
    0.5309889316558838
  ],
  "val_accuracy": [
    0.605871319770813,
    0.5833854079246521,
    0.5908806920051575,
    0.6608369946479797,
    0.6764522194862366,
    0.6970643401145935,
    0.6926920413970947,
    0.7226733565330505,
    0.7114303708076477,
    0.73703932762146
  ]
}